<?xml version="1.0" encoding="utf-8" standalone="yes"?>
<rss version="2.0" xmlns:atom="http://www.w3.org/2005/Atom">
  <channel>
    <title>Posts on Knowlege Archive</title>
    <link>https://santiagopastor.xyz/posts/</link>
    <description>Recent content in Posts on Knowlege Archive</description>
    <generator>Hugo -- gohugo.io</generator>
    <lastBuildDate>Sun, 07 Aug 2022 16:44:21 +0200</lastBuildDate><atom:link href="https://santiagopastor.xyz/posts/index.xml" rel="self" type="application/rss+xml" />
    <item>
      <title>Como tener una web gratis</title>
      <link>https://santiagopastor.xyz/posts/como_tener_una_web_gratis/</link>
      <pubDate>Sun, 07 Aug 2022 16:44:21 +0200</pubDate>
      
      <guid>https://santiagopastor.xyz/posts/como_tener_una_web_gratis/</guid>
      <description>Introducción En este post os voy a enseñar como he creado esta web y como no me esta costando ni un céntimo mantenerla. Y no és difícil. De hecho ni he tocado un solo archivo html, pero lo explicaré luego.
Pasos a seguir Instalar Hugo Crear repositorio de github e iniciar hugo en el mismo Escojer un tema Crear el primer post Como hostearla con github Como actualizar la web Utilizar un dominio personalizado(opcional) Instalar Hugo Distros basadas en Debian</description>
    </item>
    
    <item>
      <title>Kubernetes</title>
      <link>https://santiagopastor.xyz/posts/kubernetes/</link>
      <pubDate>Fri, 29 Jul 2022 20:56:08 +0200</pubDate>
      
      <guid>https://santiagopastor.xyz/posts/kubernetes/</guid>
      <description>Kubernetes This page contains my knowlage on the tool Kubernetes.
Basic knowlage What is Kubernetes? Kubernetes is a container orchestration tool. (TLDR helps you manage a lot of containers in a centralized way)
It is a very powerful tool. But, why do we need it. Because a lot of applications now use a lot of services. Thus they use a lot of containers and organizing 10 containers is a pain, but 200 is a suicide.</description>
    </item>
    
    <item>
      <title>Grafana</title>
      <link>https://santiagopastor.xyz/posts/grafana/</link>
      <pubDate>Tue, 26 Jul 2022 20:17:02 +0200</pubDate>
      
      <guid>https://santiagopastor.xyz/posts/grafana/</guid>
      <description>Proyecto Grafana Introducción En este proyecto haré las configuraciones necesarias para monitorizar la utilización de recursos de un grupo de servidores desde una interfaz web.
Programas y herramientas necesarias Para cumplir este objetivo, utilizaré Telegraf como recolector de datos, InfluxDB como base de datos donde guardarlos y Grafana como interficie web para representarlos.
Telegraf Se encarga de recolectar la información que le especificamos en la configuración (Ej.: CPU/RAM/LOAD) y los envía al output configurado (Ej.</description>
    </item>
    
  </channel>
</rss>
