<?xml version="1.0" encoding="utf-8" standalone="yes"?>
<rss version="2.0" xmlns:atom="http://www.w3.org/2005/Atom">
  <channel>
    <title>Web posts on Knowlege Archive</title>
    <link>https://santiagopastor.xyz/tags/web-posts/</link>
    <description>Recent content in Web posts on Knowlege Archive</description>
    <generator>Hugo -- gohugo.io</generator>
    <lastBuildDate>Fri, 19 Aug 2022 12:10:33 +0200</lastBuildDate><atom:link href="https://santiagopastor.xyz/tags/web-posts/index.xml" rel="self" type="application/rss+xml" />
    <item>
      <title>About me</title>
      <link>https://santiagopastor.xyz/about/</link>
      <pubDate>Fri, 19 Aug 2022 12:10:33 +0200</pubDate>
      
      <guid>https://santiagopastor.xyz/about/</guid>
      <description>Hey, henlo!
Soy Santiago Pastor Serrano, Sysadmin y friky de Warhammer 40k. Aunque si estas leyendo seguramente ya me conoces.
Planeo utilizar esta pagina web para tener mis apuntes y trabajos (y alguna que otra cosa chula que haga). Asi que mira y disfruta.
Espero que os sea de probecho.
Currículum Github Linkedin misscod10@gmail.com Telf: 634880157 </description>
    </item>
    
  </channel>
</rss>
