<?xml version="1.0" encoding="utf-8" standalone="yes"?>
<rss version="2.0" xmlns:atom="http://www.w3.org/2005/Atom">
  <channel>
    <title>Hugo on Knowlege Archive</title>
    <link>https://santiagopastor.xyz/tags/hugo/</link>
    <description>Recent content in Hugo on Knowlege Archive</description>
    <generator>Hugo -- gohugo.io</generator>
    <lastBuildDate>Sun, 07 Aug 2022 16:44:21 +0200</lastBuildDate><atom:link href="https://santiagopastor.xyz/tags/hugo/index.xml" rel="self" type="application/rss+xml" />
    <item>
      <title>Como tener una web gratis</title>
      <link>https://santiagopastor.xyz/posts/como_tener_una_web_gratis/</link>
      <pubDate>Sun, 07 Aug 2022 16:44:21 +0200</pubDate>
      
      <guid>https://santiagopastor.xyz/posts/como_tener_una_web_gratis/</guid>
      <description>Introducción En este post os voy a enseñar como he creado esta web y como no me esta costando ni un céntimo mantenerla. Y no és difícil. De hecho ni he tocado un solo archivo html, pero lo explicaré luego.
Pasos a seguir Instalar Hugo Crear repositorio de github e iniciar hugo en el mismo Escojer un tema Crear el primer post Como hostearla con github Como actualizar la web Utilizar un dominio personalizado(opcional) Instalar Hugo Distros basadas en Debian</description>
    </item>
    
  </channel>
</rss>
